{"cameraMode":{"drawMode":0,"name":"Shaded","section":"Shading Mode"},"sceneLighting":true,"audioPlay":false,"sceneViewState":{"m_AlwaysRefresh":false,"showFog":true,"showSkybox":true,"showFlares":true,"showImageEffects":true,"showParticleSystems":true,"showVisualEffectGraphs":true,"m_FxEnabled":true},"in2DMode":false,"pivot":{"x":15.528943061828614,"y":-9.004792213439942,"z":11.61343765258789},"rotation":{"x":0.23518706858158112,"y":0.4195249378681183,"z":-0.11317615956068039,"w":0.8696941137313843},"size":11.323436737060547,"orthographic":false}